# time,value
8,0.0
9,0.0
10,0.0
11,0.0
12,0.0
13,0.0
14,0.0
15,0.0
16,0.0
17,0.0
18,0.0
19,0.0
20,-40.026315789473685
21,-40.026315789473685
22,-40.026315789473685
23,-40.026315789473685
24,-40.026315789473685
25,-40.026315789473685
26,-40.026315789473685
27,-40.026315789473685
28,-40.026315789473685
29,-40.026315789473685
30,-40.026315789473685
31,-40.026315789473685
