# time,value
7,0.0
8,0.0
9,0.0
10,0.0
11,0.0
12,0.0
13,0.0
14,0.0
15,0.0
16,0.0
17,-1.4776119402985075
18,-1.4776119402985075
19,-1.4776119402985075
20,-1.4776119402985075
21,-1.4776119402985075
22,-1.4776119402985075
23,-1.4776119402985075
24,-1.4776119402985075
25,-1.4776119402985075
26,-1.4776119402985075
27,0.030303030303030304
28,0.030303030303030304
29,0.030303030303030304
