# time,value
7,0.0
8,0.0
9,0.0
10,0.0
11,0.0
12,0.0
13,0.0
14,0.0
15,0.0
16,0.0
17,-4.571361940298507
18,-4.571361940298507
19,-4.571361940298507
20,-4.571361940298507
21,-4.571361940298507
22,-4.571361940298507
23,-4.571361940298507
24,-4.571361940298507
25,-4.571361940298507
26,-4.571361940298507
27,8.9126559714795E-4
28,8.9126559714795E-4
29,8.9126559714795E-4
