# time,value
8,0.0
9,0.0
10,0.0
11,0.0
12,0.0
13,0.0
14,0.0
15,0.0
16,0.0
17,0.0
18,0.0
19,0.0
20,-4.203446826397646
21,-4.203446826397646
22,-4.203446826397646
23,-4.203446826397646
24,-4.203446826397646
25,-4.203446826397646
26,-4.203446826397646
27,-4.203446826397646
28,-4.203446826397646
29,-4.203446826397646
30,-4.203446826397646
31,-4.203446826397646
