# time,value
8,0.0
9,0.0
10,0.0
11,0.0
12,0.0
13,0.0
14,0.0
15,0.0
16,0.0
17,0.0
18,0.0
19,0.0
20,-38.99999999999988
21,-38.99999999999988
22,-38.99999999999988
23,-38.99999999999988
24,-38.99999999999988
25,-38.99999999999988
26,-38.99999999999988
27,-38.99999999999988
28,-38.99999999999988
29,-38.99999999999988
30,-38.99999999999988
31,-38.99999999999988
