# time,value
8,0.0
9,0.0
10,0.0
11,0.0
12,0.0
13,0.0
14,0.0
15,0.0
16,0.0
17,0.0
18,0.0
19,0.0
20,-1.6393442622950818
21,-1.6393442622950818
22,-1.6393442622950818
23,-1.6393442622950818
24,-1.6393442622950818
25,-1.6393442622950818
26,-1.6393442622950818
27,-1.6393442622950818
28,-1.6393442622950818
29,-1.6393442622950818
30,-1.6393442622950818
31,-1.6393442622950818
