# time,value
8,0.0
9,0.0
10,0.0
11,0.0
12,0.0
13,0.0
14,0.0
15,0.0
16,0.0
17,0.0
18,0.0
19,0.0
20,-0.042034468263976464
21,-0.042034468263976464
22,-0.042034468263976464
23,-0.042034468263976464
24,-0.042034468263976464
25,-0.042034468263976464
26,-0.042034468263976464
27,-0.042034468263976464
28,-0.042034468263976464
29,-0.042034468263976464
30,-0.042034468263976464
31,-0.042034468263976464
