# time,value
8,0.0
9,0.0
10,0.0
11,0.0
12,0.0
13,0.0
14,0.0
15,0.0
16,0.0
17,0.0
18,0.0
19,0.0
20,-0.05842791088692728
21,-0.05842791088692728
22,-0.05842791088692728
23,-0.05842791088692728
24,-0.05842791088692728
25,-0.05842791088692728
26,-0.05842791088692728
27,-0.05842791088692728
28,-0.05842791088692728
29,-0.05842791088692728
30,-0.05842791088692728
31,-0.05842791088692728
