# time,value
7,0.0
8,0.0
9,0.0
10,0.0
11,0.0
12,0.0
13,0.0
14,0.0
15,0.0
16,0.0
17,Infinity
18,Infinity
19,Infinity
20,Infinity
21,Infinity
22,Infinity
23,Infinity
24,Infinity
25,Infinity
26,Infinity
27,-2.0303030303030303
28,-2.0303030303030303
29,-2.0303030303030303
