# time,value
8,0.0
9,0.0
10,0.0
11,0.0
12,0.0
13,0.0
14,0.0
15,0.0
16,0.0
17,0.0
18,0.0
19,0.0
20,-2.026315789473684
21,-2.026315789473684
22,-2.026315789473684
23,-2.026315789473684
24,-2.026315789473684
25,-2.026315789473684
26,-2.026315789473684
27,-2.026315789473684
28,-2.026315789473684
29,-2.026315789473684
30,-2.026315789473684
31,-2.026315789473684
