# time,value
7,0.0
8,0.0
9,0.0
10,0.0
11,0.0
12,0.0
13,0.0
14,0.0
15,0.0
16,0.0
17,-0.014925373134328358
18,-0.014925373134328358
19,-0.014925373134328358
20,-0.014925373134328358
21,-0.014925373134328358
22,-0.014925373134328358
23,-0.014925373134328358
24,-0.014925373134328358
25,-0.014925373134328358
26,-0.014925373134328358
27,0.030303030303030304
28,0.030303030303030304
29,0.030303030303030304
