# time,value
7,0.0
8,0.0
9,0.0
10,0.0
11,0.0
12,0.0
13,0.0
14,0.0
15,0.0
16,0.0
17,0.010101010101010102
18,0.010101010101010102
19,0.010101010101010102
20,0.010101010101010102
21,0.010101010101010102
22,0.010101010101010102
23,0.010101010101010102
24,0.010101010101010102
25,0.010101010101010102
26,0.010101010101010102
27,1.0
28,1.0
29,1.0
