# time,value
8,0.0
9,0.0
10,0.0
11,0.0
12,0.0
13,0.0
14,0.0
15,0.0
16,0.0
17,0.0
18,0.0
19,0.0
20,-0.01639344262295082
21,-0.01639344262295082
22,-0.01639344262295082
23,-0.01639344262295082
24,-0.01639344262295082
25,-0.01639344262295082
26,-0.01639344262295082
27,-0.01639344262295082
28,-0.01639344262295082
29,-0.01639344262295082
30,-0.01639344262295082
31,-0.01639344262295082
