# time,value
7,0.0
8,0.0
9,0.0
10,0.0
11,0.0
12,0.0
13,0.0
14,0.0
15,0.0
16,0.0
17,-0.06110074626865672
18,-0.06110074626865672
19,-0.06110074626865672
20,-0.06110074626865672
21,-0.06110074626865672
22,-0.06110074626865672
23,-0.06110074626865672
24,-0.06110074626865672
25,-0.06110074626865672
26,-0.06110074626865672
27,0.031194295900178255
28,0.031194295900178255
29,0.031194295900178255
