# time,value
7,0.0
8,0.0
9,0.0
10,0.0
11,0.0
12,0.0
13,0.0
14,0.0
15,0.0
16,0.0
17,-0.04617537313432836
18,-0.04617537313432836
19,-0.04617537313432836
20,-0.04617537313432836
21,-0.04617537313432836
22,-0.04617537313432836
23,-0.04617537313432836
24,-0.04617537313432836
25,-0.04617537313432836
26,-0.04617537313432836
27,8.9126559714795E-4
28,8.9126559714795E-4
29,8.9126559714795E-4
