# time,value
8,0.0
9,0.0
10,0.0
11,0.0
12,0.0
13,0.0
14,0.0
15,0.0
16,0.0
17,0.0
18,0.0
19,0.0
20,-1.0263157894736843
21,-1.0263157894736843
22,-1.0263157894736843
23,-1.0263157894736843
24,-1.0263157894736843
25,-1.0263157894736843
26,-1.0263157894736843
27,-1.0263157894736843
28,-1.0263157894736843
29,-1.0263157894736843
30,-1.0263157894736843
31,-1.0263157894736843
