# time,count,1 min rate,mean rate,5 min rate,15 min rate
5,0,0.0,0.0,0.0,0.0
10,0,0.0,0.0,0.0,0.0
15,0,0.0,0.0,0.0,0.0
20,49,0.7355913854102256,2.4450233042107006,0.15206262484111907,0.05096939835495009
25,306,4.802484950723042,12.21746196946911,1.002422233528964,0.33655886308829347
