# time,count,1 min rate,mean rate,5 min rate,15 min rate
5,0,0.0,0.0,0.0,0.0
10,0,0.0,0.0,0.0,0.0
15,0,0.0,0.0,0.0,0.0
20,0,0.0,0.0,0.0,0.0
25,23,0.3677956927051128,0.9184681899214222,0.07603131242055954,0.025484699177475045
30,74,1.1539353435789643,2.463014734277132,0.24336579638171488,0.08185306042053571
35,126,1.8932098555582333,3.5950978549130173,0.41124019383315896,0.1390171627736156
40,177,2.557384124108443,4.41930961308579,0.5730341623184823,0.19475653691197511
45,228,3.1684539502285793,5.059690802482802,0.7321539117243121,0.2501871064454962
