# time,count,1 min rate,mean rate,5 min rate,15 min rate
5,0,0.0,0.0,0.0,0.0
10,0,0.0,0.0,0.0,0.0
15,0,0.0,0.0,0.0,0.0
20,1126,17.974015591328126,56.2458009809045,3.715617180900388,1.2454261684992152
25,2139,32.703912015212644,85.4861273135376,6.996275468013628,2.358745051636932
30,3333,49.118480904346264,110.94730631405157,10.814431196318916,3.664233420367744
