# time,count,1 min rate,mean rate,5 min rate,15 min rate
5,0,0.0,0.0,0.0,0.0
10,0,0.0,0.0,0.0,0.0
15,0,0.0,0.0,0.0,0.0
20,0,0.0,0.0,0.0,0.0
25,34,0.5436979805206016,1.3576900477671545,0.11239411401300105,0.037673033566702235
30,89,1.3637466122265307,2.9621954363557936,0.28904470143588984,0.09729796078174141
35,145,2.1502100097002605,4.137128825585321,0.46938692993847403,0.15880861763535362
40,207,2.9697379683011786,5.168246887593246,0.6665826190033999,0.2266266784948021
45,266,3.691757855096254,5.902822067189265,0.853907531544085,0.29185295619103474
