# time,count,1 min rate,mean rate,5 min rate,15 min rate
5,0,0.0,0.0,0.0,0.0
10,0,0.0,0.0,0.0,0.0
15,0,0.0,0.0,0.0,0.0
20,0,0.0,0.0,0.0,0.0
25,198,3.150250063604662,7.906926993697388,0.6512247194282709,0.21828198860706888
30,442,6.784211424720027,14.711315162925112,1.4437482658500864,0.48632406017441127
35,658,9.679865999917205,18.77440695694764,2.130612691638471,0.7218562867516098
40,883,12.5198991063387,22.046984508207316,2.842487048639366,0.968271963383053
45,1106,15.084882352041756,24.54439155987314,3.532678029750336,1.2099983685149198
