# time,count,1 min rate,mean rate,5 min rate,15 min rate
5,0,0.0,0.0,0.0,0.0
10,0,0.0,0.0,0.0,0.0
15,0,0.0,0.0,0.0,0.0
20,0,0.0,0.0,0.0,0.0
25,134,2.1268185708600007,5.351237805303573,0.43965932834497473,0.14736804306974702
30,378,5.842608996064551,12.581357272747288,1.2356797431030582,0.4158029886739386
35,594,8.813549944631326,16.948544546827154,1.925983239077935,0.6517259127061075
40,819,11.722849858369221,20.448983816125654,2.641239823434934,0.8985301222692361
45,1042,14.351561643262936,23.123980991762558,3.3347571286009665,1.1406429078012916
