# time,count,1 min rate,mean rate,5 min rate,15 min rate
5,0,0.0,0.0,0.0,0.0
10,0,0.0,0.0,0.0,0.0
15,0,0.0,0.0,0.0,0.0
20,0,0.0,0.0,0.0,0.0
25,98,1.5671294732652634,3.913310103085463,0.3239595050962972,0.10858697910402411
30,153,2.3053490408820076,5.092265924565601,0.4971132241829182,0.167819032282214
35,209,3.016526064986138,5.963112242845942,0.6740163824990103,0.22893899168085605
40,271,3.766787216270658,6.766107097215184,0.8678298442078322,0.296368519608619
45,330,4.4250785638750765,7.323085613836345,1.0518284326934544,0.3612084169046627
