# time,count,1 min rate,mean rate,5 min rate,15 min rate
5,0,0.0,0.0,0.0,0.0
10,0,0.0,0.0,0.0,0.0
15,0,0.0,0.0,0.0,0.0
20,0,0.0,0.0,0.0,0.0
25,70,1.0714048439670678,2.7917350036417967,0.2214825187903256,0.07423803673438382
30,289,4.455812447586071,9.607343808502568,0.935160638892596,0.3142693433145392
35,533,8.001377921126403,15.192193769206085,1.7262968465935205,0.582887660746215
40,761,11.00759775857359,18.983678880169272,2.451465375181246,0.8322893054863199
45,1001,13.981338051128507,22.2002841517896,3.2076221423208935,1.0947136223940044
