# time,count,1 min rate,mean rate,5 min rate,15 min rate
5,0,0.0,0.0,0.0,0.0
10,0,0.0,0.0,0.0,0.0
15,0,0.0,0.0,0.0,0.0
20,7,0.11193781951894739,0.3492610990103375,0.02313996464973551,0.007756212793144578
25,80,1.238357077897802,3.1940442786125436,0.2574628504084878,0.08638340052583064
