# time,count,1 min rate,mean rate,5 min rate,15 min rate
5,0,0.0,0.0,0.0,0.0
10,0,0.0,0.0,0.0,0.0
15,0,0.0,0.0,0.0,0.0
20,0,0.0,0.0,0.0,0.0
25,54,0.8155469707809024,2.153647076060814,0.16859117101950158,0.05650955035005336
30,273,4.2204118404222015,9.075608176742032,0.8831435082058389,0.2966390754394211
35,517,7.784798907304933,14.736306042344717,1.6751394834533861,0.5653550672348394
40,745,10.808335446581221,18.58476994992044,2.4011535688801375,0.8148538452078657
45,985,13.798007873933802,21.84570073856685,3.158141917033551,1.0773747572155974
