# time,count,1 min rate,mean rate,5 min rate,15 min rate
5,0,0.0,0.0,0.0,0.0
10,0,0.0,0.0,0.0,0.0
15,0,0.0,0.0,0.0,0.0
20,43,0.6556358000395491,2.1457527242014875,0.13553407866273656,0.04542924635984682
25,300,4.712931143910197,11.978451276913994,0.9828611709536759,0.32994137397829837
