# time,count,1 min rate,mean rate,5 min rate,15 min rate
5,0,0.0,0.0,0.0,0.0
10,0,0.0,0.0,0.0,0.0
15,0,0.0,0.0,0.0,0.0
20,17,0.2718489902603008,0.8481822040175896,0.056197057006500524,0.018836516783351118
25,90,1.3854824573752202,3.593206255368502,0.289973557087711,0.09740231794777948
