# time,count,1 min rate,mean rate,5 min rate,15 min rate
5,0,0.0,0.0,0.0,0.0
10,0,0.0,0.0,0.0,0.0
15,0,0.0,0.0,0.0,0.0
20,0,0.0,0.0,0.0,0.0
25,93505,1436.6579490573931,3714.4341793689096,296.98822344241256,99.54655907841457
30,200092,3023.595783026705,6630.74934025257,643.8796281559734,216.91386713510667
35,306290,4483.553126831682,8706.550423064029,985.0175880124283,333.6242942835145
40,411305,5795.931861760506,10235.72989626101,1314.1403202305764,447.5507372863959
45,512496,7016.8590984035645,11339.988970474693,1640.609845056577,561.7800801051542
