# time,count,1 min rate,mean rate,5 min rate,15 min rate
5,0,0.0,0.0,0.0,0.0
10,0,0.0,0.0,0.0,0.0
15,0,0.0,0.0,0.0,0.0
20,118,1.5991117074135344,5.8480369938950165,0.33057092356765017,0.11080303990206541
25,610,9.33888339524877,24.223432981437565,1.9515160107450702,0.6553401305376503
