# time,count,1 min rate,mean rate,5 min rate,15 min rate
5,0,0.0,0.0,0.0,0.0
10,0,0.0,0.0,0.0,0.0
15,0,0.0,0.0,0.0,0.0
20,0,0.0,0.0,0.0,0.0
25,0,0.0,0.0,0.0,0.0
30,0,0.0,0.0,0.0,0.0
35,94360,1287.3169067020433,2683.694619380542,266.11620489042974,89.1986631819607
