# time,count,1 min rate,mean rate,5 min rate,15 min rate
5,0,0.0,0.0,0.0,0.0
10,0,0.0,0.0,0.0,0.0
15,0,0.0,0.0,0.0,0.0
20,0,0.0,0.0,0.0,0.0
25,38128,535.5265196957184,1512.920613290261,110.70489659357035,37.106830032802684
30,142271,2164.499517847405,4710.255586801662,454.4704776418503,152.74029061997877
35,248223,3684.6871054923377,7050.168957711051,796.9903752035132,269.2201010552679
40,353888,5076.1791753617445,8800.887275926547,1132.3712647929658,384.5593060480224
45,460898,6381.071984774404,10193.996144059305,1467.3061995029054,500.9680971894126
