# time,count,1 min rate,mean rate,5 min rate,15 min rate
5,0,0.0,0.0,0.0,0.0
10,0,0.0,0.0,0.0,0.0
15,0,0.0,0.0,0.0,0.0
20,0,0.0,0.0,0.0,0.0
25,444,6.82820699065579,17.637879287398288,1.4115378436338661,0.47312898038181933
30,937,14.165874421234482,31.05094080157095,3.0179218283913447,1.0167667606343984
35,1430,20.91685435714591,40.64909928620743,4.597754621276545,1.5573927049540974
40,1924,27.12805574045584,47.88093522654908,6.151475074890419,2.095023499369769
45,2383,32.5867790081219,52.72889952206477,7.626623440467615,2.6119472510827997
