# time,count,1 min rate,mean rate,5 min rate,15 min rate
5,0,0.0,0.0,0.0,0.0
10,0,0.0,0.0,0.0,0.0
15,0,0.0,0.0,0.0,0.0
20,0,0.0,0.0,0.0,0.0
25,178,2.526596497713384,7.063180435130411,0.5223020592368872,0.17506880304526337
30,670,10.192210596217796,22.182131388625493,2.1400781094845653,0.7192498515849537
35,1163,17.260907149324712,33.032145516662084,3.7344203828151192,1.2615240848019
40,1657,23.76442193172028,41.208117484751796,5.3024104962567815,1.8007940363437964
45,2151,29.763935499796695,47.57509838751855,6.847789721936852,2.3381843807867795
