# time,count,1 min rate,mean rate,5 min rate,15 min rate
5,0,0.0,0.0,0.0,0.0
10,0,0.0,0.0,0.0,0.0
15,0,0.0,0.0,0.0,0.0
20,0,0.0,0.0,0.0,0.0
25,0,0.0,0.0,0.0,0.0
30,0,0.0,0.0,0.0,0.0
35,448,6.140588956467971,12.741609233416048,1.2693923464997765,0.4254836732239312
