# time,count,1 min rate,mean rate,5 min rate,15 min rate
5,0,0.0,0.0,0.0,0.0
10,0,0.0,0.0,0.0,0.0
15,0,0.0,0.0,0.0,0.0
20,27120,364.1017446609876,1344.0082794620905,75.26769358711827,25.228744155301275
25,139171,2131.3679041722016,5526.479477535466,445.3737807368787,149.56067598241955
