# time,count,1 min rate,mean rate,5 min rate,15 min rate
5,0,0.0,0.0,0.0,0.0
10,0,0.0,0.0,0.0,0.0
15,0,0.0,0.0,0.0,0.0
20,1126,17.638202132771283,55.85801090114196,3.6461972869511814,1.2221575301197816
25,2143,32.25102866464285,85.11304532379917,6.898251600866169,2.3256330514596533
30,3333,48.68581699010177,110.4366091076134,10.714721811950513,3.6301968353052887
