# time,count,1 min rate,mean rate,5 min rate,15 min rate
5,0,0.0,0.0,0.0,0.0
10,0,0.0,0.0,0.0,0.0
15,0,0.0,0.0,0.0,0.0
20,212297,3325.000990990813,10531.945662266447,687.3495099557435,230.39054480756656
25,404721,6101.538569337682,16086.106655086463,1304.9163324733843,439.92246973677254
30,637680,9321.562788461362,21129.591229491736,2049.846068798718,694.4053490396876
