# time,value
5,0.0
10,1.0
15,1.0
20,1.0
25,25.5
30,2.7111111111111112
35,2.080168776371308
40,2.2409090909090907
45,2.1666666666666665
