# time,value
5,0.0
10,1.0
15,1.0
20,1.0
25,1.0
30,3.0804597701149423
35,2.0204918032786887
40,2.1528384279475983
45,2.1385281385281387
