# time,value
20,0.0
25,2.9095744680851063
30,2.4097560975609755
35,1.202922077922078
40,1.1637220259128387
45,0.7758892036512433
50,0.7835051546391752
55,0.7878787878787878
60,0.7869374751095182
65,0.7887174028738692
