# time,value
5,0.0
10,1.0
15,1.0
20,1.0
25,Infinity
30,0.994475138121547
35,0.9957983193277311
40,1.0
45,1.0
