# time,value
5,0.0
10,1.0
15,1.0
20,1.0
25,1.0
30,1.3636363636363635
35,1.12
40,1.0754716981132075
45,1.2352941176470589
