# time,value
20,0.0
25,1.0
30,0.9977578475336323
35,1.0
40,1.0
45,0.9974874371859297
50,1.0
55,0.9974554707379135
60,1.0
65,1.0
