# time,value
20,0.0
25,1.0
30,0.9019211324570273
35,0.9975124378109452
40,1.0
45,0.8828748890860691
50,0.9974226804123711
55,1.0
60,1.0
65,1.0
