# time,value
5,0.0
10,1.0
15,1.0
20,1.0
25,1.0
30,4.022222222222222
35,4.25
40,3.8596491228070176
45,3.619047619047619
