# time,count,1 min rate,mean rate,5 min rate,15 min rate
5,0,0.0,0.0,0.0,0.0
10,0,0.0,0.0,0.0,0.0
15,0,0.0,0.0,0.0,0.0
20,0,0.0,0.0,0.0,0.0
25,108,1.40721830252391,4.286239671882245,0.2909024127395321,0.09750667511381755
30,546,8.29881261787256,18.077508684229482,1.7339948640034717,0.5822837880841963
35,1034,15.438941329307049,29.36977150817053,3.318520556830845,1.1197766821160047
40,1490,21.496461123624485,37.056161175602924,4.771073648031839,1.6188348110499278
45,1970,27.517399654968603,43.57289405125938,6.2921780069873074,2.146152933267744
