# time,count,1 min rate,mean rate,5 min rate,15 min rate
5,0,0.0,0.0,0.0,0.0
10,0,0.0,0.0,0.0,0.0
15,0,0.0,0.0,0.0,0.0
20,0,0.0,0.0,0.0,0.0
25,325,4.973237410056091,12.911418784085054,1.028075572295392,0.3445974540954234
30,919,14.010358375487561,30.455675443828156,2.961451426772977,0.9964262672447951
35,1459,21.413417370836626,41.47501041375967,4.674445962726098,1.5814861169503542
40,2023,28.736276197051236,50.346638825757516,6.464909884930051,2.1987616189309733
45,2579,35.425658208006624,57.06764992477619,8.215862913808095,2.809293229610704
