# time,count,1 min rate,mean rate,5 min rate,15 min rate
5,0,0.0,0.0,0.0,0.0
10,0,0.0,0.0,0.0,0.0
15,0,0.0,0.0,0.0,0.0
20,92,1.1353693122636093,4.560039911289355,0.23470535573303164,0.07867015833046645
25,680,10.41538479973298,27.00506830760606,2.167971629528915,0.7275401275219402
