rho,Time Total (s)
0,310.308669744
1,309.914036017
2,310.710212364
3,311.1225247206
4,311.6797157663
