time (ms),time (s),replication
0,0,1
5006.545618,5.006545618,2
10000,10,2
